{"cameraMode":{"drawMode":0,"name":"Shaded","section":"Shading Mode"},"sceneLighting":false,"audioPlay":false,"sceneViewState":{"showFog":true,"showMaterialUpdate":false,"showSkybox":false,"showFlares":true,"showImageEffects":true,"showParticleSystems":true,"showVisualEffectGraphs":true,"m_FxEnabled":true},"in2DMode":false,"pivot":{"x":-2.1087210178375246,"y":-0.4761736989021301,"z":0.15134099125862122},"rotation":{"x":-0.11193577200174332,"y":0.7061359882354736,"z":-0.11449788510799408,"w":-0.6897873282432556},"size":1.5273127555847169,"orthographic":false}