{"cameraMode":{"drawMode":0,"name":"Shaded","section":"Shading Mode"},"sceneLighting":false,"audioPlay":false,"sceneViewState":{"showFog":false,"showMaterialUpdate":false,"showSkybox":false,"showFlares":true,"showImageEffects":true,"showParticleSystems":true,"showVisualEffectGraphs":true,"m_FxEnabled":true},"in2DMode":false,"pivot":{"x":-0.07092052698135376,"y":-0.13193729519844056,"z":-0.24543088674545289},"rotation":{"x":0.003910197876393795,"y":-0.9521948099136353,"z":0.30585408210754397,"w":0.009831803850829602},"size":0.38362938165664675,"orthographic":false}